atm_id,branch_id,city,atm_location_type,latitude,longitude,atm_cash_capacity,atm_status
ATM0001,BR001,Mumbai,Rural,19.09124,72.8257,150000.0,Active
ATM0002,BR002,Delhi,Urban,28.71049,77.08669,150000.0,Active
ATM0003,BR003,Bengaluru,Urban,12.9749,77.65096,150000.0,Active
ATM0004,BR004,Pune,Semi-Urban,18.56432,73.8542,150000.0,Active
ATM0005,BR005,Ahmedabad,Urban,23.00108,72.55379,150000.0,Active
ATM0006,BR006,Chennai,Urban,13.18978,80.25038,150000.0,Active
ATM0007,BR007,Hyderabad,Urban,17.3793,78.44469,150000.0,Active
ATM0008,BR008,Kolkata,Semi-Urban,22.51404,88.39106,150000.0,Active
ATM0009,BR009,Jaipur,Urban,26.95597,75.79848,150000.0,Active
ATM0010,BR010,Lucknow,Urban,26.77384,80.93022,150000.0,Active
ATM0011,BR011,Mumbai,Semi-Urban,19.03271,72.92611,150000.0,Active
ATM0012,BR012,Delhi,Urban,28.73966,77.14217,150000.0,Active
ATM0013,BR013,Bengaluru,Urban,12.90782,77.53794,150000.0,Active
ATM0014,BR014,Pune,Semi-Urban,18.49904,73.86463,150000.0,Active
ATM0015,BR015,Ahmedabad,Semi-Urban,23.00435,72.55231,150000.0,Active
ATM0016,BR016,Chennai,Urban,13.10674,80.29303,150000.0,Active
ATM0017,BR017,Hyderabad,Urban,17.30063,78.41434,187299.0,Active
ATM0018,BR018,Kolkata,Semi-Urban,22.55369,88.42886,150000.0,Active
ATM0019,BR019,Jaipur,Urban,26.8649,75.77035,150000.0,Active
ATM0020,BR020,Lucknow,Semi-Urban,26.81699,80.8739,150000.0,Active
ATM0021,BR021,Mumbai,Urban,19.15609,72.86573,150000.0,Active
ATM0022,BR022,Delhi,Urban,28.74586,77.12034,150000.0,Active
ATM0023,BR023,Bengaluru,Semi-Urban,12.95211,77.52577,150000.0,Active
ATM0024,BR024,Pune,Urban,18.53608,73.89861,150000.0,Active
ATM0025,BR025,Ahmedabad,Urban,22.9159,72.58479,150000.0,Active
ATM0026,BR001,Chennai,Urban,13.136,80.27855,150000.0,Active
ATM0027,BR002,Hyderabad,Semi-Urban,17.38231,78.5751,150000.0,Active
ATM0028,BR003,Kolkata,Urban,22.52434,88.32764,163058.0,Active
ATM0029,BR004,Jaipur,Semi-Urban,26.95898,75.80655,150000.0,Active
ATM0030,BR005,Lucknow,Rural,26.82395,80.88492,150000.0,Active
ATM0031,BR006,Mumbai,Urban,19.07007,72.89199,150000.0,Active
ATM0032,BR007,Delhi,Urban,28.72554,77.17929,150000.0,Active
ATM0033,BR008,Bengaluru,Urban,13.05778,77.58562,150000.0,Active
ATM0034,BR009,Pune,Rural,18.47566,73.88887,150000.0,Active
ATM0035,BR010,Ahmedabad,Semi-Urban,23.09287,72.57593,150000.0,Active
ATM0036,BR011,Chennai,Semi-Urban,13.02176,80.22679,150000.0,Active
ATM0037,BR012,Hyderabad,Urban,17.36079,78.47032,156676.0,Active
ATM0038,BR013,Kolkata,Semi-Urban,22.5378,88.35271,150000.0,Active
ATM0039,BR014,Jaipur,Semi-Urban,26.92381,75.91317,150000.0,Active
ATM0040,BR015,Lucknow,Urban,26.81716,80.96198,161988.0,Active
ATM0041,BR016,Mumbai,Rural,19.06787,72.82458,150000.0,Active
ATM0042,BR017,Delhi,Rural,28.76029,77.09779,150000.0,Active
ATM0043,BR018,Bengaluru,Urban,12.91676,77.68645,150000.0,Active
ATM0044,BR019,Pune,Urban,18.60683,73.80736,150000.0,Active
ATM0045,BR020,Ahmedabad,Urban,23.01581,72.50266,150000.0,Active
ATM0046,BR021,Chennai,Urban,13.10628,80.32134,150000.0,Active
ATM0047,BR022,Hyderabad,Urban,17.34892,78.50252,150000.0,Active
ATM0048,BR023,Kolkata,Urban,22.59189,88.32575,150000.0,Active
ATM0049,BR024,Jaipur,Urban,26.92554,75.81131,173152.0,Active
ATM0050,BR025,Lucknow,Semi-Urban,26.82312,80.95939,150000.0,Active
ATM0051,BR001,Mumbai,Urban,19.08363,72.95127,150000.0,Active
ATM0052,BR002,Delhi,Urban,28.6855,77.01466,150000.0,Active
ATM0053,BR003,Bengaluru,Semi-Urban,12.95517,77.59153,150000.0,Active
ATM0054,BR004,Pune,Semi-Urban,18.60702,73.91557,150000.0,Active
ATM0055,BR005,Ahmedabad,Urban,23.00767,72.57473,150000.0,Active
ATM0056,BR006,Chennai,Urban,13.07317,80.32926,150000.0,Active
ATM0057,BR007,Hyderabad,Semi-Urban,17.38165,78.4281,150000.0,Active
ATM0058,BR008,Kolkata,Semi-Urban,22.52191,88.36554,150000.0,Active
ATM0059,BR009,Jaipur,Urban,26.97017,75.81774,150000.0,Active
ATM0060,BR010,Lucknow,Rural,26.92751,80.84304,150000.0,Active
